"","defteam","def_success_in_redzone_vs_not_divided_by_nfl_avg"
"1","SEA",2.14947861092647
"2","DEN",0.369307842291266
"3","PHI",1.66607678359703
"4","NE",1.29505988139722
"5","TB",1.73495330729752
"6","LA",1.23149489402488
"7","KC",0.845417254547839
"8","KC_19",1.0495508370437
"9","NE_14",1.34834415859105
"10","NE_16",1.01088929219601
